n,GCIS,PlainSlp_32Fblc,PlainSlp_FblcFblc,PlainSlp_IblcFblc,PoSlp_Iblc,PoSlp_Sd
1,ERROR,1.263595,1.389435,1.4960499999999999,26.71245,26.9316
10,ERROR,1.19648,1.362035,2.7837899999999998,34.0578,32.37895
100,ERROR,3.25224,4.290179999999999,3.676475,74.88255000000001,81.3304
1000,ERROR,14.607399999999998,21.5214,24.32685,504.294,566.771
