Extractor,Compression Ratio
GCIS,0.5737727282803798
PlainSlp_32Fblc,1.3353106773509267
PlainSlp_FblcFblc,1.0385756594116333
PlainSlp_IblcFblc,1.008264108349662
PoSlp_Iblc,0.43754797958589625
PoSlp_Sd,0.42351784138790344
